title,asin,category,keywords,image_path,benefits,price_anchor
Retrofit Blind Tilt Motor (Matter Compatible),,smart_home,smart blinds|tilt motor|retrofit|Matter,,no drilling|app + voice control|battery powered,
Slim Smart Door Lock (Keyless Retrofit),,smart_home,retrofit smart lock|keyless|Matter|auto-lock,,no-drill install|auto-lock|temporary codes,
Fingerprint Keypad for Smart Lock,,smart_home,fingerprint keypad|smart lock keypad|weatherproof,,fast unlock|shared codes|low profile,
AI Bird Feeder with 2K Camera + Solar,,outdoors,smart bird feeder|AI bird ID|camera feeder|solar,,auto bird ID|viral wildlife clips|no battery swaps,
Hummingbird Feeder Cam with Solar Roof,,outdoors,hummingbird feeder camera|solar|AI,,slow‑mo footage|pet-safe materials|easy clean,
"Pocket Blanket (Waterproof, Foldable)",,outdoors,pocket blanket|ultralight|matador style|camping,,pocket-size|puncture resistant|corner stakes,
Reusable Rubber Gear Ties (Multi-Pack),,utility,gear ties|reusable twist ties|rubber wire ties,,infinite reuse|protects cables|color code,
500-Lumen OLED Keychain Flashlight,,edc,keychain flashlight|OLED display|USB‑C,,tiny + bright|battery readout|lockout mode,
Thumb-Size Electric Air Pump + Lantern,,outdoors,mini air pump|inflator|camp lantern|USB‑C,,inflates in seconds|deflate mode|emergency light,
Magnetic Cable Clips with Weighted Dock,,desk_setup,magnetic cable holder|desk cable organizer,,no slip cables|tool‑free|minimal aesthetic,
No‑Glare Monitor Light Bar (Wireless Dial),,desk_setup,monitor light bar|screenbar|anti‑glare,,eye comfort|frees desk space|easy dimming,
Origami iPad Folio Stand (Floating Mode),,tablet_accessories,iPad stand case|origami folio|floating stand,,multiple angles|stiff hinge|slim carry,
Desk Mat with Magnetic Cable + Doc Hideaway,,desk_setup,desk mat|magnet cable|document hideaway,,declutters desk|quick cable grab|premium feel,
6‑in‑1 Keychain Charging Cable (100W),,edc,inCharge cable|6‑in‑1 cable|USB‑C|Lightning,,always right tip|fast charge|keychain size,
100W GaN Desktop Charger (Multi‑Port),,charging,UGREEN GaN|100W charger|USB‑C PD,,power laptop + phone|compact|travel ready,
Wireless Custom Mechanical Keyboard (QMK/VIA),,desk_setup,Keychron QMK VIA|gasket mount|hot‑swap,,premium typing|fully programmable|BT + 2.4G,
Foldable Laptop Stand & Dock (NVMe Slot),,desk_setup,laptop stand dock|SSD slot|USB‑C hub,,elevates screen|adds storage|single‑cable setup,
Foldable Bluetooth Keyboard w/ Trackpad,,tablet_accessories,folding keyboard|trackpad|travel,,pocketable|full typing|multi‑device,
"Vertical Laptop Stand (Tool‑Free, Silicone)",,desk_setup,vertical laptop stand|space saver|adjustable,,protects finish|fits most laptops|stable base,
Magnetic Color‑Coding Cable Tags,,desk_setup,cable tags|magnetic labels|cord management,,easy ID|reusable|neat setup,
MagSafe 3‑in‑1 Foldable Travel Charger,,charging,MagSafe foldable charger|3‑in‑1|Qi2,,pocket tri‑fold|hotel nightstand|one cable,
Qi2 Magnetic Battery Pack with Kickstand,,charging,Qi2 battery|magnetic power bank|stand,,hands‑free|fast attach|USB‑C in/out,
"Transparent 30W Power Bank (PD, Display)",,charging,transparent power bank|30W PD|USB‑C,,see‑through shell|fast charge|compact,
MagSafe Wallet with Find‑My & Kickstand,,phone_accessories,Find My wallet|MagSafe wallet|stand,,trackable|viewing stand|secure hold,
3‑in‑1 Cube Charger (MagSafe + Watch + Pods),,charging,cube charger|MagSafe|Apple Watch charger,,tiny cube|tidy nightstand|travel case,
Solar Window Charger (Suction Mount),,charging,window solar charger|USB‑C|portable solar,,charges by window|no roof install|eco,
Smart Plug Power Meter (Energy + App),,smart_home,smart plug energy monitor|kWh|app,,find power hogs|schedules|alerts,
CO₂ Monitor with E‑Ink Display (USB‑C),,air_quality,CO2 monitor|e‑ink|air quality|NDIR,,long battery|readable|healthy workspace,
Portable HEPA Desktop Purifier w/ PM2.5,,air_quality,desktop air purifier|HEPA|PM2.5 sensor,,quiet|real‑time readout|USB‑C,
Phone Continuity Side Mount for Laptop,,phone_accessories,continuity camera mount|MagSafe|clip,,instant webcam|dual‑screen glance|compact,
"Laser Engraver (Portable, Safety Cover)",,maker,portable laser engraver|diode laser|cover,,desk‑safe|quick logos|gift customization,
Mini CNC Pen Plotter,,maker,pen plotter|mini drawing robot|art tool,,generative art|STEM learning|quiet,
USB‑C Soldering Iron Pen (Temperature Control),,tools,USB‑C soldering iron|pen|adjustable temp,,fast heat|compact|field repairs,
Portable Hot Knife for 3D Prints Cleanup,,tools,hot knife|deburring tool|3D prints,,clean edges|precision tips|USB‑C,
Digital Tape Measure (Laser + App),,tools,digital tape|laser measure|bluetooth app,,fast room scans|save plans|accurate,
Stud Finder w/ Live AC Detection + App,,tools,stud finder|live wire detection|bluetooth,,fewer holes|safer drilling|map walls,
Compact Thermal Label Printer (USB‑C),,office,thermal label printer|shipping labels|USB‑C,,no ink|fast prints|quiet,
"Compact 3D Printer (Enclosed, Quiet)",,maker,compact 3D printer|enclosed|PLA ABS,,no fumes|plug‑and‑print|auto‑level,
Smartphone Thermal Camera (USB‑C),,tools,thermal camera|USB‑C|infrared phone,,heat leaks|electrical checks|fun science,
E‑Ink To‑Do Board with Magnetic Dock,,office,e‑ink to‑do|magnetic|task board,,always visible|weeks battery|paper‑like,
Programmable Timer Cube (USB‑C),,productivity,timer cube|pomodoro cube|USB‑C,,instant start|haptic alert|desk‑friendly,
Smart Reusable Notebook (App Scan),,office,reusable notebook|scan to cloud|microwave erase,,paper feel|infinite pages|eco,
Smart Whiteboard Light (Screen Sync),,office,whiteboard light|camera sync|meeting,,clear notes on calls|glare‑free|magnetic mount,
E‑Ink Sticky Note (Bluetooth),,productivity,e‑ink sticky note|bluetooth|widget,,low power|always‑on reminders|clean look,
Minimalist Tool Roll for EDC,,edc,EDC tool roll|organizer|waxed canvas,,flat pack|quick access|durable,
MagSafe Car Vent Mount with Active Cooling,,auto,MagSafe car mount|active cooling|wireless,,no overheating|one‑hand dock|steady grip,
Clip‑On Laptop Webcam Privacy Shutter,,desk_setup,webcam cover|privacy shutter|magnetic,,instant privacy|reusable|clean look,
Noise‑Reducing Door Seal Kit (Transparent),,home_improvement,door seal kit|noise reduction|draft stopper,,quieter room|energy save|no residue,
"Smart Shower Timer (E‑Ink, Waterproof)",,bath,shower timer|e‑ink|water saving,,cuts bills|teaches kids|sticks anywhere,
Water Leak Sensor Tape (Rechargeable),,smart_home,water leak sensor|tape|USB‑C,,covers long runs|alerts early|reusable,
"Under‑Cabinet Motion LED (USB‑C, Magnetic)",,lighting,motion light|under cabinet|USB‑C|magnetic,,auto‑on|tool‑free|warm/cool modes,
Auto‑Closing Trash Deodorizer Capsule,,home,trash deodorizer|auto closing|odor control,,kills smells|fits lid|months of use,
Countertop Composter (Odor Control),,kitchen,countertop composter|odor filter|kitchen waste,,less trash|soil in days|low odor,
Reusable Silicone Zip Bags + Stand Frame,,kitchen,silicone zip bags|stand up|reusable,,plastic‑free|freezer safe|dishwasher,
Fridge Deodorizer (Plasma/Ozone) USB‑C,,kitchen,fridge deodorizer|ozone|USB‑C,,removes smells|long battery|compact,
Coffee Scale w/ Timer + Auto‑Tare (USB‑C),,coffee,coffee scale|espresso scale|auto tare,,consistent pours|fast wake|heat resistant,
Magnetic Espresso Dosing Funnel (58mm),,coffee,espresso dosing funnel|58mm|magnetic,,less mess|better distribution|fits prosumer,
WDT Needle Tool + Stand (Espresso),,coffee,WDT tool|espresso distribution|stand,,fewer channeling|repeatable|quick clean,
Zero‑Retention Hand Grinder (Titanium Burrs),,coffee,hand grinder|titanium burrs|espresso pour over,,uniform grind|portable|zero retention,
Milk Frothing Pitcher w/ Temp Display,,coffee,frothing pitcher|temp display|espresso,,perfect microfoam|no thermometer|easy rinse,
Clip‑On Pot Strainer (Silicone),,kitchen,pot strainer|clip on|silicone,,one‑hand pour|fits most pots|dishwasher,
"Oil Sprayer Fine Mist (Glass, Refillable)",,kitchen,oil sprayer|fine mist|glass bottle,,less oil|even coating|no propellant,
Magnetic Knife Dock (Under‑Cabinet),,kitchen,magnetic knife holder|under cabinet|dock,,safe storage|frees counter|easy reach,
Stackable Bento Box (Leakproof),,kitchen,bento box|leakproof|stackable lunch,,portion control|microwave safe|tidy,
Magnetic Spice Jars w/ Viewing Window,,kitchen,magnetic spice jars|fridge spice|window,,save space|see levels|labelable lids,
Compact Induction Cooktop w/ Temp Probe,,kitchen_appliances,induction cooktop|probe|precise temp,,precise heat|fast|safer surface,
Mini Countertop Dishwasher (Built‑In Tank),,kitchen_appliances,countertop dishwasher|built in tank|portable,,no plumbing|small spaces|sanitizes,
Nugget Ice Maker (Compact),,kitchen_appliances,nugget ice maker|compact|chewable ice,,bar‑quality ice|quick cycle|self clean,
Fold‑Flat Electric Kettle (Travel),,travel,folding kettle|travel kettle|silicone,,packs small|boils fast|dual voltage,
Sous Vide Stick (Foldable),,kitchen_appliances,sous vide|foldable|precision cooker,,drawer friendly|precise temps|quiet,
Smart Herb Garden (LED + Auto‑Water),,home_garden,smart herb garden|LED grow|auto water,,fresh herbs|beginner friendly|countertop,
"Indoor Hydroponics (12‑Pod, App Control)",,home_garden,hydroponics indoor|app control|grow light,,fast growth|clean|year‑round,
Self‑Watering Planter (Level Window),,home_garden,self watering planter|level window|indoor,,no overwatering|easy check|sleek,
"Under‑Desk Treadmill (Slim, Remote)",,fitness,walking pad|under desk treadmill|slim,,move while working|stores flat|quiet,
Balance Board for Standing Desk,,fitness,balance board|standing desk|core,,micro‑movement|improves posture|fun,
Kneeling Chair with Dynamic Rocker,,fitness,kneeling chair|rocker|ergonomic,,opens hips|engages core|compact,
Back Stretcher with Heat,,wellness,back stretcher|heat|lumbar support,,relieves tension|5‑10 min daily|portable,
Cold Therapy Neck Wrap (Gel),,wellness,cold neck wrap|gel beads|migraine relief,,reduces inflammation|moldable|reusable,
Trigger Point Massage Wand,,wellness,trigger point tool|massage wand|myofascial,,reach knots|precise pressure|lightweight,
Acupressure Foot Mat (Foldable),,wellness,acupressure mat|foot massage|reflexology,,stimulates points|folds flat|easy clean,
Breath Training Device (App),,wellness,breath trainer|spirometer|app coaching,,increase lung capacity|guided sessions|compact,
Posture Corrector with Smart Sensor,,wellness,posture corrector|smart sensor|vibration,,real‑time feedback|discreet|adjustable,
Smart Sleep Mask (Heat + Audio),,sleep,sleep mask|heated|bluetooth audio,,relaxes eyes|blocks light|nap anywhere,
Sunrise Alarm Clock (App + Backup Battery),,sleep,sunrise alarm|wake light|app control,,gentle wake|better mornings|bedside aesthetic,
White Noise Machine (Bluetooth + Timer),,sleep,white noise|bluetooth speaker|timer,,masks noise|sleep stories|travel ready,
Travel Compression Packing Cubes,,travel,compression packing cubes|luggage|organizers,,more in less space|organized|lightweight,
Silicone Travel Bottles (Leak‑Proof),,travel,travel bottles|leak proof|TSA size,,no leaks|wide mouth|labels,
Portable Bidet (USB‑C),,travel,portable bidet|USB‑C|travel hygiene,,clean anywhere|compact|gentle pressure,
Foldable Clothes Steamer (Fast Heat),,travel,folding steamer|travel steamer|USB‑C,,wrinkles gone fast|packs small|no leaks,
Rechargeable Fabric Shaver (Large Head),,home,fabric shaver|lint remover|USB‑C,,revives clothes|fast de‑pilling|safety lock,
UV Toothbrush Sanitizer (Magnetic),,bath,toothbrush sanitizer|UV|magnetic mount,,kills germs|quick cycle|USB‑C,
Cordless Water Flosser (Travel Case),,bath,water flosser|cordless|travel case,,deep clean|USB‑C|foldable tip,
Magnetic Soap Holder (Wall Mount),,bath,magnetic soap holder|drain dry|no drilling,,less goo|lasts longer|clean look,
Pet Water Fountain with UV Sterilizer,,pets,pet fountain|UV sterilizer|cat dog,,fresher water|less slime|quiet,
"Pet Treat Camera (2K, Pan‑Tilt)",,pets,treat camera|2K|pan tilt|two way audio,,see + toss treats|alerts|share clips,
Automatic Ball Launcher for Dogs (Indoor),,pets,dog ball launcher|indoor|adjustable distance,,exercise indoors|safety sensors|fun,
Dog Car Seatbelt Harness (Quick‑Clip),,pets,dog seatbelt|car harness|quick clip,,safer rides|easy buckling|universal,
Smart Cat Litter Mat with Splash Guard,,pets,litter mat|splash guard|easy clean,,less tracking|washable|non‑slip,
Air Quality Wearable PM2.5 Monitor,,health,wearable PM2.5|air quality|portable,,know exposure|clip‑on|USB‑C,
Handheld Nano Mister (Face Hydration),,health,nano mister|hydration|facial spray,,refresh skin|fine mist|fits purse,
